id;conversation_id;status;channel_name;start_time;end_time
1;8c5fa5a0-879e-409a-afcd-f3a201b30a3f;CLOSED;function whoever drat;2025-09-06T02:06:28;2025-09-06T08:45:12
2;9bd8ca09-8012-4948-be39-1fd82e19f990;OPEN;bootleg;2025-09-05T18:50:21;2025-09-05T22:02:49
3;10800493-1556-4e57-89d8-17832b09e2b5;CLOSED;likely shinny;2025-09-06T04:53:45;2025-09-05T14:08:26
4;ca34f319-fea4-400d-a495-6a95eae76028;OPEN;restfully among however;2025-09-05T20:55:27;2025-09-06T10:06:30
5;0cbb5d8d-61f7-40ff-825f-96d591eac329;CLOSED;plus blah searchingly;2025-09-06T11:10:05;2025-09-05T19:17:57
6;63d75521-8007-4aaa-b11b-6d53e97f14b4;OPEN;likewise;2025-09-05T13:14:46;2025-09-05T21:43:57
7;c9dd351f-d5a7-41de-b612-f25a03a7336f;CLOSED;trained muscat;2025-09-06T03:17:38;2025-09-06T10:26:33
8;f71584eb-b982-41eb-a40e-360155a547a4;CLOSED;paintwork coordinated;2025-09-06T03:23:23;2025-09-06T01:39:53
9;689437e9-9b4e-4745-b386-1660ea4666e3;OPEN;gloomy;2025-09-06T08:10:04;2025-09-06T08:30:36
10;1c6bbc00-be48-44fb-933c-876c08c58c63;CLOSED;thankfully conclude;2025-09-05T14:35:19;2025-09-06T04:58:27
