id;type;content;channel_name
1;hm ornate;../fake-data/blob/hipster.txt;equatorial viability debit
2;masquerade uh-huh fooey;../fake-data/blob/hipster.txt;vivaciously
3;sign astonishing;../fake-data/blob/hipster.txt;disarm nor shinny
4;flustered uh-huh who;../fake-data/blob/hipster.txt;huff apropos and
5;tenant;../fake-data/blob/hipster.txt;sarcastic anenst monthly
6;though;../fake-data/blob/hipster.txt;access
7;yuck;../fake-data/blob/hipster.txt;content inexperienced prohibition
8;gazebo;../fake-data/blob/hipster.txt;intellect humble ugh
9;fledgling;../fake-data/blob/hipster.txt;reassuringly adult igloo
10;per rebuff;../fake-data/blob/hipster.txt;overcooked ridge mmm
